codon	value	value
	mean	std
AAG	828.25	525.1433931159502
ACG	507.25	372.31382372043794
AGG	1335.0	818.7832435999164
AUA	208.0	158.69677585466778
AUC	390.75	253.61174394468932
AUG	484.75	415.1203640712735
AUU	364.0	275.01393904067237
CUG	1535.0	1100.8233282411852
GUG	1077.75	671.744681159938
UUG	646.0	438.4001216544844
