codon	value	value
	mean	std
AAG	1042.0	498.467150372018
ACG	591.4	263.7646678385868
AGG	1649.6	749.3585923975251
AUA	234.2	107.54626911241506
AUC	486.4	242.33303530472276
AUG	544.0	312.1754314484085
AUU	468.2	247.223987509303
CUG	1788.6	860.4794012642022
GUG	1345.4	586.9461644818883
UUG	787.8	360.95179733587696
